	token	label	distance
1886	teresas	27	0.13182562589645386
919	claras	27	0.13182562589645386
1103	fionas	27	0.13182562589645386
2024	vries	27	0.13182562589645386
1369	julianes	27	0.13182562589645386
1432	lanas	27	0.13182562589645386
744	arianes	27	0.13182562589645386
1592	nellas	27	0.13182562589645386
1515	mamas	27	0.13182562589645386
1557	miras	27	0.13182562589645386
1549	melissas	27	0.13182562589645386
1732	sabinas	27	0.13182562589645386
1733	sabines	27	0.13182562589645386
912	charlottes	27	0.13182562589645386
728	annas	27	0.13182562589645386
1631	olivers	27	0.13182562589645386
905	carolines	27	0.13182562589645386
1819	sofies	27	0.13182562589645386
1255	hans	27	0.13182562589645386
1532	marlenes	27	0.13182562589645386
978	donatas	27	0.13182562589645386
667	adelinas	27	0.13182562589645386
1360	jessicas	27	0.13182562589645386
904	caroline	27	0.13182562589645386
1212	glorias	27	0.13182562589645386
1482	lindas	27	0.13182562589645386
1904	topas	27	0.13182562589645386
1490	lothars	27	0.13182562589645386
1336	iris	27	0.13182562589645386
1438	laras	27	0.13182562589645386
971	dianas	27	0.13182562589645386
1333	iras	27	0.13182562589645386
893	bruns	27	0.13182562589645386
698	amandas	27	0.13182562589645386
1032	enes	27	0.13182562589645386
1838	stalker	0	0.14004725217819214
1835	spott	0	0.14004725217819214
1417	kritik	0	0.14004725217819214
1521	mann	0	0.14004725217819214
2081	wirtz	0	0.14004725217819214
989	egoist	0	0.14004725217819214
2121	zofe	0	0.14004725217819214
2120	zoe	0	0.14004725217819214
990	egon	0	0.14004725217819214
1441	laune	0	0.14004725217819214
1685	rat	0	0.14004725217819214
1572	mut	0	0.14004725217819214
1678	psychopath	0	0.14004725217819214
1405	komödie	0	0.14004725217819214
669	affäre	0	0.14004725217819214
2122	zorn	0	0.14004725217819214
656	abdul	0	0.14004725217819214
1337	ironie	0	0.14004725217819214
2004	viktoria	28	0.1462610810995102
2005	viktorias	28	0.1462610810995102
2006	viktors	28	0.1462610810995102
2003	viktor	28	0.1462610810995102
53	Auflage	41	0.16688844561576843
1332	interviewen	41	0.16688844561576843
476	Post	41	0.16688844561576843
320	Interview	41	0.16688844561576843
340	Journalist	41	0.16688844561576843
2114	zeitung	41	0.16688844561576843
1319	illustriert	41	0.16688844561576843
2113	zeitschriften	41	0.16688844561576843
1367	journalisten	41	0.16688844561576843
2112	zeitschrift	41	0.16688844561576843
2111	zeilen	41	0.16688844561576843
80	Bericht	41	0.16688844561576843
518	Scheck	41	0.16688844561576843
49	Artikel	41	0.16688844561576843
369	Krimi	41	0.16688844561576843
97	Brief	41	0.16688844561576843
206	Fotograf	41	0.16688844561576843
1651	per	41	0.16688844561576843
205	Foto	41	0.16688844561576843
341	Journalistin	41	0.16688844561576843
521	Schlagzeile	41	0.16688844561576843
1476	liebespaar	24	0.17095410823822021
1035	entgegnet	24	0.17095410823822021
1038	entschlossen	24	0.17095410823822021
1398	kleinert	24	0.17095410823822021
1049	erkert	24	0.17095410823822021
1436	lange	24	0.17095410823822021
1990	vertieft	24	0.17095410823822021
800	begegnet	24	0.17095410823822021
1989	verteidigt	24	0.17095410823822021
1962	vergangen	24	0.17095410823822021
1963	vergebens	24	0.17095410823822021
1987	verstummt	24	0.17095410823822021
1435	lang	24	0.17095410823822021
1113	fort	24	0.17095410823822021
1370	jung	24	0.17095410823822021
1785	sechzehn	24	0.17095410823822021
799	begegnen	24	0.17095410823822021
1927	umgang	24	0.17095410823822021
1930	umschlungen	24	0.17095410823822021
1806	siebzehn	24	0.17095410823822021
1983	versichert	24	0.17095410823822021
1201	gestüt	24	0.17095410823822021
584	Teenager	24	0.17095410823822021
845	beteuert	24	0.17095410823822021
1661	pflicht	24	0.17095410823822021
816	bemüht	24	0.17095410823822021
1071	erwähnt	24	0.17095410823822021
1149	fünfzehn	24	0.17095410823822021
1070	erwidert	24	0.17095410823822021
815	bemühen	24	0.17095410823822021
847	betrachtet	24	0.17095410823822021
814	bemerkt	24	0.17095410823822021
678	alberta	24	0.17095410823822021
679	albertina	24	0.17095410823822021
1066	erwachsen	24	0.17095410823822021
357	Kind	24	0.17095410823822021
680	alberts	24	0.17095410823822021
1097	fest	24	0.17095410823822021
1702	rischert	24	0.17095410823822021
694	alt	24	0.17095410823822021
717	angestellt	24	0.17095410823822021
2016	vorgeschlagen	24	0.17095410823822021
718	angestellter	24	0.17095410823822021
1577	mühen	24	0.17095410823822021
2038	wechseln	24	0.17095410823822021
2023	vorüber	24	0.17095410823822021
984	dumm	22	0.19553720951080322
1225	großartig	22	0.19553720951080322
1868	sympathisch	22	0.19553720951080322
2104	wunderschön	22	0.19553720951080322
2106	wundervoll	22	0.19553720951080322
2107	wundervoller	22	0.19553720951080322
26	Anhieb	22	0.19553720951080322
1042	entzücken	22	0.19553720951080322
1215	gnädig	22	0.19553720951080322
1696	reizend	22	0.19553720951080322
1902	toll	22	0.19553720951080322
2103	wunderbar	22	0.19553720951080322
2105	wunderschöner	22	0.19553720951080322
1314	hübsch	22	0.19553720951080322
868	blöd	22	0.19553720951080322
1287	hinreißend	22	0.19553720951080322
913	charmant	22	0.19553720951080322
853	bezaubernd	22	0.19553720951080322
1593	nett	22	0.19553720951080322
1396	klasse	22	0.19553720951080322
2059	wert	22	0.19553720951080322
1473	liebenswürdig	22	0.19553720951080322
1784	schön	22	0.19553720951080322
1751	schade	22	0.19553720951080322
747	attraktiv	22	0.19553720951080322
1131	freundlich	22	0.19553720951080322
1410	kostbar	22	0.19553720951080322
1329	interessant	22	0.19553720951080322
1400	klug	22	0.19553720951080322
240	Gemäuer	17	0.20579490065574646
297	Herrenhaus	17	0.20579490065574646
315	Hügel	17	0.20579490065574646
1095	felsplateau	17	0.20579490065574646
1764	schlösschen	17	0.20579490065574646
1762	schlosspark	17	0.20579490065574646
1085	familienfriedhof	17	0.20579490065574646
461	Park	17	0.20579490065574646
193	Feld	17	0.20579490065574646
211	Freitreppe	17	0.20579490065574646
457	Palais	17	0.20579490065574646
374	Landschloss	17	0.20579490065574646
281	Hauptportal	17	0.20579490065574646
256	Gruft	17	0.20579490065574646
431	Mischwald	17	0.20579490065574646
473	Portal	17	0.20579490065574646
264	Gutshaus	17	0.20579490065574646
151	Eingangsportal	17	0.20579490065574646
523	Schlosshof	17	0.20579490065574646
522	Schloss	17	0.20579490065574646
526	Schlosspark	17	0.20579490065574646
511	Rundgang	17	0.20579490065574646
51	Auffahrt	17	0.20579490065574646
304	Hochwald	17	0.20579490065574646
550	Spaziergang	17	0.20579490065574646
554	Stadtpalais	17	0.20579490065574646
525	Schlossküche	17	0.20579490065574646
628	Verwalterhaus	17	0.20579490065574646
524	Schlosshotel	17	0.20579490065574646
1021	ellhaus	17	0.20579490065574646
1145	fugosa	16	0.21547959744930267
1250	haldersee	16	0.21547959744930267
746	attenberger	16	0.21547959744930267
1301	hohenstein	16	0.21547959744930267
1646	pascale	16	0.21547959744930267
1297	hoffwitz	16	0.21547959744930267
1643	pallenberg	16	0.21547959744930267
1640	ottoline	16	0.21547959744930267
640	Weber	16	0.21547959744930267
1291	hirtenberg	16	0.21547959744930267
1279	herrwig	16	0.21547959744930267
1256	hardenberg	16	0.21547959744930267
1278	herrndorf	16	0.21547959744930267
1262	haverkamp	16	0.21547959744930267
734	ansberg	16	0.21547959744930267
1277	herrfried	16	0.21547959744930267
375	Langenburg	16	0.21547959744930267
1636	orthensee	16	0.21547959744930267
1635	orthenbrunn	16	0.21547959744930267
1276	hermann	16	0.21547959744930267
1267	heistercamp	16	0.21547959744930267
1270	helmbrecht	16	0.21547959744930267
1258	harthmann	16	0.21547959744930267
1638	otfried	16	0.21547959744930267
484	Rautenbach	16	0.21547959744930267
1093	feistenau	16	0.21547959744930267
1189	gerhausen	16	0.21547959744930267
1700	rhombrügge	16	0.21547959744930267
311	Hornberg	16	0.21547959744930267
1211	glochow	16	0.21547959744930267
312	Hornstein	16	0.21547959744930267
1698	rethmann	16	0.21547959744930267
688	alfeld	16	0.21547959744930267
681	albrecht	16	0.21547959744930267
673	ahlwitz	16	0.21547959744930267
1078	falckenstein	16	0.21547959744930267
1079	falkner	16	0.21547959744930267
1686	rathfeld	16	0.21547959744930267
672	ahlefeld	16	0.21547959744930267
1683	randershausen	16	0.21547959744930267
1248	hagen	16	0.21547959744930267
1681	rackwitz	16	0.21547959744930267
671	aglaja	16	0.21547959744930267
1669	pletzkow	16	0.21547959744930267
1221	grindelburg	16	0.21547959744930267
1222	gronau	16	0.21547959744930267
1223	grossart	16	0.21547959744930267
828	bergius	16	0.21547959744930267
1224	grothum	16	0.21547959744930267
1226	großborn	16	0.21547959744930267
1232	gruhnert	16	0.21547959744930267
1655	petzold	16	0.21547959744930267
1236	gudenthal	16	0.21547959744930267
706	ammersbach	16	0.21547959744930267
645	Wittenberg	16	0.21547959744930267
1650	pavillon	16	0.21547959744930267
1680	rabenfels	16	0.21547959744930267
391	Lichtenfeld	16	0.21547959744930267
1313	hübner	16	0.21547959744930267
1304	homberg	16	0.21547959744930267
1508	löwendorff	16	0.21547959744930267
1503	lynenburg	16	0.21547959744930267
453	Ortenberg	16	0.21547959744930267
1501	lukorin	16	0.21547959744930267
778	barckhausen	16	0.21547959744930267
508	Rothenburg	16	0.21547959744930267
506	Rosenberg	16	0.21547959744930267
1495	louisenhain	16	0.21547959744930267
1494	louisenborg	16	0.21547959744930267
1493	louise	16	0.21547959744930267
504	Romolo	16	0.21547959744930267
1488	lorissa	16	0.21547959744930267
1486	loedtke	16	0.21547959744930267
1123	freiherr	16	0.21547959744930267
1120	fredeborg	16	0.21547959744930267
951	degner	16	0.21547959744930267
1451	lehmann	16	0.21547959744930267
498	Rieck	16	0.21547959744930267
1479	lieselotte	16	0.21547959744930267
1478	liebritz	16	0.21547959744930267
1456	lekewitz	16	0.21547959744930267
772	badnitz	16	0.21547959744930267
1457	lendorff	16	0.21547959744930267
1465	lessenfeld	16	0.21547959744930267
487	Rehmann	16	0.21547959744930267
1468	leyenfeld	16	0.21547959744930267
1469	lichtenau	16	0.21547959744930267
1514	maissenau	16	0.21547959744930267
1303	holmbach	16	0.21547959744930267
520	Schenkenberg	16	0.21547959744930267
785	barrenberg	16	0.21547959744930267
1584	nadja	16	0.21547959744930267
398	Lindbach	16	0.21547959744930267
1306	horndorf	16	0.21547959744930267
1470	lichtenberg	16	0.21547959744930267
1318	ilke	16	0.21547959744930267
1099	feyhl	16	0.21547959744930267
749	auenburg	16	0.21547959744930267
750	auermann	16	0.21547959744930267
1569	moritz	16	0.21547959744930267
1566	monterelli	16	0.21547959744930267
1565	montand	16	0.21547959744930267
1372	kaldenow	16	0.21547959744930267
1554	meyerkorn	16	0.21547959744930267
563	Steinsberg	16	0.21547959744930267
562	Steinhoff	16	0.21547959744930267
1137	fritzinger	16	0.21547959744930267
559	Starnberg	16	0.21547959744930267
1546	meinfeld	16	0.21547959744930267
1543	meerseck	16	0.21547959744930267
1542	meersburg	16	0.21547959744930267
1135	friedrichs	16	0.21547959744930267
1134	friedrich	16	0.21547959744930267
1133	friedhelm	16	0.21547959744930267
1522	manuel	16	0.21547959744930267
1413	kreyenfelss	16	0.21547959744930267
528	Schmitt	16	0.21547959744930267
1116	frankenfels	16	0.21547959744930267
438	Müller	16	0.21547959744930267
1703	rittershagen	16	0.21547959744930267
1483	lindenborn	16	0.21547959744930267
301	Heubach	16	0.21547959744930267
105	Butler	16	0.21547959744930267
1744	sandhorst	16	0.21547959744930267
1950	vandenberg	16	0.21547959744930267
1743	sandershagen	16	0.21547959744930267
2070	wildenstein	16	0.21547959744930267
1830	sorenberg	16	0.21547959744930267
2071	wilkenrade	16	0.21547959744930267
1752	scharnhoff	16	0.21547959744930267
1738	sallicek	16	0.21547959744930267
1024	elsbeth	16	0.21547959744930267
2075	wilsdorf	16	0.21547959744930267
1944	uthoff	16	0.21547959744930267
874	bonhoff	16	0.21547959744930267
1844	steenhage	16	0.21547959744930267
1043	erbach	16	0.21547959744930267
1765	schlüter	16	0.21547959744930267
273	Haltermann	16	0.21547959744930267
276	Hardt	16	0.21547959744930267
1753	schattau	16	0.21547959744930267
96	Breitenbach	16	0.21547959744930267
2031	waldenstein	16	0.21547959744930267
2048	weißenburg	16	0.21547959744930267
2030	waldburg	16	0.21547959744930267
2049	weißenfels	16	0.21547959744930267
2029	waldberg	16	0.21547959744930267
995	ehrenberg	16	0.21547959744930267
988	eggeloh	16	0.21547959744930267
103	Buchenhain	16	0.21547959744930267
2062	weyarn	16	0.21547959744930267
2066	wiedemann	16	0.21547959744930267
252	Greifenstein	16	0.21547959744930267
56	Aumüller	16	0.21547959744930267
1778	schwarzenburg	16	0.21547959744930267
230	Gebhardt	16	0.21547959744930267
253	Großenstein	16	0.21547959744930267
1797	sembach	16	0.21547959744930267
2028	wald	16	0.21547959744930267
2077	winterfeld	16	0.21547959744930267
1942	ursula	16	0.21547959744930267
1849	stephans	16	0.21547959744930267
1848	stephane	16	0.21547959744930267
191	Falkenhorst	16	0.21547959744930267
1715	rosenfels	16	0.21547959744930267
981	drewitz	16	0.21547959744930267
936	dahlenhain	16	0.21547959744930267
937	daldorf	16	0.21547959744930267
1714	rosenfelden	16	0.21547959744930267
896	burgner	16	0.21547959744930267
1713	rosenburg	16	0.21547959744930267
1895	thurnau	16	0.21547959744930267
1869	süderhoff	16	0.21547959744930267
1894	thurau	16	0.21547959744930267
1892	thornbach	16	0.21547959744930267
1889	thalheim	16	0.21547959744930267
892	brunneck	16	0.21547959744930267
1885	tenhagen	16	0.21547959744930267
1704	rittershausen	16	0.21547959744930267
897	burkhard	16	0.21547959744930267
1716	rosengarten	16	0.21547959744930267
2040	wegeringhausen	16	0.21547959744930267
1852	sternhagen	16	0.21547959744930267
1857	stollenberg	16	0.21547959744930267
899	böhler	16	0.21547959744930267
983	dulari	16	0.21547959744930267
2102	wulfhartsthal	16	0.21547959744930267
2083	witz	16	0.21547959744930267
898	bärbach	16	0.21547959744930267
2092	wolfrathshausen	16	0.21547959744930267
1721	rothenstein	16	0.21547959744930267
1719	rothenfeld	16	0.21547959744930267
2101	wulfenberg	16	0.21547959744930267
1718	rothenburgs	16	0.21547959744930267
1717	rosenstein	16	0.21547959744930267
289	Helmfried	16	0.21547959744930267
1720	rothenfels	16	0.21547959744930267
1722	rothkehlen	16	0.21547959744930267
76	Beisetzung	23	0.21936127543449402
519	Scheidung	23	0.21936127543449402
1986	verstorben	23	0.21936127543449402
463	Party	23	0.21936127543449402
231	Geburtstag	23	0.21936127543449402
1972	verloben	23	0.21936127543449402
495	Renovierung	23	0.21936127543449402
586	Termin	23	0.21936127543449402
605	Trennung	23	0.21936127543449402
1888	testamentseröffnung	23	0.21936127543449402
613	Verabredung	23	0.21936127543449402
2128	zugegen	23	0.21936127543449402
1169	geburtstagsfeier	23	0.21936127543449402
1266	heiraten	23	0.21936127543449402
621	Verlobung	23	0.21936127543449402
1092	feiern	23	0.21936127543449402
1265	heirat	23	0.21936127543449402
55	Auktion	23	0.21936127543449402
615	Veranstaltung	23	0.21936127543449402
267	Gästeliste	23	0.21936127543449402
306	Hochzeitsfeier	23	0.21936127543449402
305	Hochzeit	23	0.21936127543449402
1906	torbens	34	0.24807578325271606
729	anne	34	0.24807578325271606
677	alba	34	0.24807578325271606
1911	traum	34	0.24807578325271606
1850	stern	34	0.24807578325271606
1165	gasen	34	0.24807578325271606
817	ben	34	0.24807578325271606
831	bert	34	0.24807578325271606
1905	torben	34	0.24807578325271606
1943	usa	34	0.24807578325271606
724	anna	34	0.24807578325271606
2097	wort	34	0.24807578325271606
1627	oje	34	0.24807578325271606
682	alex	34	0.24807578325271606
741	archie	34	0.24807578325271606
1887	testament	34	0.24807578325271606
887	briefes	34	0.24807578325271606
687	alexis	34	0.24807578325271606
1617	notar	34	0.24807578325271606
1899	titel	34	0.24807578325271606
918	christina	34	0.24807578325271606
748	aue	34	0.24807578325271606
721	anke	34	0.24807578325271606
722	anlass	34	0.24807578325271606
917	chris	34	0.24807578325271606
683	alexa	34	0.24807578325271606
886	brief	34	0.24807578325271606
1244	güte	34	0.24807578325271606
664	ach	36	0.2567846179008484
2150	äh	36	0.2567846179008484
1591	nein	36	0.2567846179008484
1251	hallo	36	0.2567846179008484
1578	na	36	0.2567846179008484
1620	o	36	0.2567846179008484
1624	oh	36	0.2567846179008484
1556	mhm	36	0.2567846179008484
45	Architektin	26	0.2610189914703369
126	Denker	26	0.2610189914703369
1254	handwerker	26	0.2610189914703369
881	brasilianerin	26	0.2610189914703369
1257	harfenistin	26	0.2610189914703369
410	Malerin	26	0.2610189914703369
1667	pianistin	26	0.2610189914703369
180	Ermittlerin	26	0.2610189914703369
742	architekten	26	0.2610189914703369
606	Tänzerin	26	0.2610189914703369
412	Managerin	26	0.2610189914703369
529	Schneiderin	26	0.2610189914703369
324	Italienerin	26	0.2610189914703369
1427	künstlerin	26	0.2610189914703369
1421	kunden	26	0.2610189914703369
1426	künstler	26	0.2610189914703369
1420	kunde	26	0.2610189914703369
1829	sopranistin	26	0.2610189914703369
1422	kundin	26	0.2610189914703369
44	Architekt	26	0.2610189914703369
548	Sohn	38	0.2647905945777893
228	Gatte	38	0.2647905945777893
449	Onkel	38	0.2647905945777893
440	Neffe	38	0.2647905945777893
617	Verehrer	38	0.2647905945777893
1128	freund	38	0.2647905945777893
212	Freund	38	0.2647905945777893
392	Liebling	38	0.2647905945777893
100	Bruder	38	0.2647905945777893
165	Enkel	38	0.2647905945777893
255	Großvater	38	0.2647905945777893
1368	jugendfreund	38	0.2647905945777893
1727	rüdiger	38	0.2647905945777893
1249	halbbruder	38	0.2647905945777893
1973	verlobter	38	0.2647905945777893
122	Cousin	38	0.2647905945777893
1231	großvater	38	0.2647905945777893
1951	vater	38	0.2647905945777893
1813	skulptur	44	0.3096485733985901
1814	skulpturen	44	0.3096485733985901
1671	porträt	44	0.3096485733985901
1843	statue	44	0.3096485733985901
1948	valeries	7	0.3176347613334656
1915	tropez	7	0.3176347613334656
1947	valerie	7	0.3176347613334656
1907	toska	7	0.3176347613334656
1652	permont	7	0.3176347613334656
780	baroness	7	0.3176347613334656
1711	rose	7	0.3176347613334656
1502	luxus	7	0.3176347613334656
781	baronesse	7	0.3176347613334656
782	baroneß	7	0.3176347613334656
783	baronin	7	0.3176347613334656
1739	salon	7	0.3176347613334656
784	barons	7	0.3176347613334656
1615	noraway	7	0.3176347613334656
1740	salons	7	0.3176347613334656
1712	rosen	7	0.3176347613334656
1866	suite	7	0.3176347613334656
779	baron	7	0.3176347613334656
1613	nora	7	0.3176347613334656
1867	suiten	7	0.3176347613334656
1614	norawa	7	0.3176347613334656
1694	reiten	46	0.31890371441841125
843	besuchen	46	0.31890371441841125
2138	zurückreiten	46	0.31890371441841125
803	begleitest	46	0.31890371441841125
2137	zurückkehren	46	0.31890371441841125
1724	rufen	46	0.31890371441841125
1008	einladen	46	0.31890371441841125
661	abreisen	46	0.31890371441841125
844	besuchs	46	0.31890371441841125
1386	kehren	46	0.31890371441841125
766	ausritte	46	0.31890371441841125
765	ausreiten	46	0.31890371441841125
1391	kennenlernen	46	0.31890371441841125
1051	erkundigen	46	0.31890371441841125
1112	fohlen	46	0.31890371441841125
1954	verabreden	46	0.31890371441841125
1001	eilen	46	0.31890371441841125
861	bitten	46	0.31890371441841125
1693	reisen	46	0.31890371441841125
802	begleiten	46	0.31890371441841125
733	anrufen	46	0.31890371441841125
2068	wiedersehen	46	0.31890371441841125
1992	verunglücken	33	0.3287549912929535
222	Fürstenpaar	33	0.3287549912929535
1156	fürstenpaar	33	0.3287549912929535
493	Reitunfall	33	0.3287549912929535
1310	hubschrauberunglück	33	0.3287549912929535
1929	ums	33	0.3287549912929535
313	Hubschrauberabsturz	33	0.3287549912929535
1213	glücken	33	0.3287549912929535
1938	unglück	33	0.3287549912929535
1934	unfall	33	0.3287549912929535
1280	herzen	8	0.3332691788673401
2015	voneinander	8	0.3332691788673401
1970	verlieben	8	0.3332691788673401
834	berühmt	8	0.3332691788673401
1173	gefühlen	8	0.3332691788673401
1925	umarmen	8	0.3332691788673401
1454	leidenschaftlich	8	0.3332691788673401
998	eifersüchtig	8	0.3332691788673401
1960	verehrt	8	0.3332691788673401
1325	ineinander	8	0.3332691788673401
1106	flirten	8	0.3332691788673401
1430	lachen	8	0.3332691788673401
2125	zueinander	8	0.3332691788673401
1152	füreinander	8	0.3332691788673401
852	bewundert	8	0.3332691788673401
1179	geliebt	8	0.3332691788673401
1172	gefühle	8	0.3332691788673401
1504	lächeln	8	0.3332691788673401
381	Leidenschaft	8	0.3332691788673401
1560	miteinander	8	0.3332691788673401
1754	scherzen	8	0.3332691788673401
2044	weinen	8	0.3332691788673401
851	bewundern	8	0.3332691788673401
1766	schmiegen	8	0.3332691788673401
1429	küssen	8	0.3332691788673401
149	Eifersucht	8	0.3332691788673401
1858	stolz	8	0.3332691788673401
1971	verliebt	8	0.3332691788673401
1004	einander	8	0.3332691788673401
226	Galopp	29	0.34249159693717957
1659	pferdes	29	0.34249159693717957
291	Hengst	29	0.34249159693717957
492	Reiterin	29	0.34249159693717957
1658	pferden	29	0.34249159693717957
516	Sattel	29	0.34249159693717957
1657	pferde	29	0.34249159693717957
1862	stute	29	0.34249159693717957
1656	pferd	29	0.34249159693717957
491	Reiter	29	0.34249159693717957
602	Toskana	25	0.349826455116272
377	Lausanne	25	0.349826455116272
58	Ausland	25	0.349826455116272
743	arensburg	25	0.349826455116272
2050	weltreise	25	0.349826455116272
95	Brasilien	25	0.349826455116272
81	Berlin	25	0.349826455116272
769	australien	25	0.349826455116272
308	Hochzeitsreise	25	0.349826455116272
460	Pariser	25	0.349826455116272
459	Paris	25	0.349826455116272
467	Peru	25	0.349826455116272
1434	landsberg	25	0.349826455116272
580	Südsee	25	0.349826455116272
1117	frankfurt	25	0.349826455116272
1073	eschenheim	25	0.349826455116272
443	Neustadt	25	0.349826455116272
434	Monaco	25	0.349826455116272
968	deutschland	25	0.349826455116272
1220	griechenland	25	0.349826455116272
696	altstadt	25	0.349826455116272
319	Internat	25	0.349826455116272
871	bodensee	25	0.349826455116272
751	aufenthalt	25	0.349826455116272
110	Carolina	25	0.349826455116272
1118	frankreich	25	0.349826455116272
573	Stuttgart	25	0.349826455116272
1345	italien	25	0.349826455116272
670	afrika	25	0.349826455116272
2155	überglücklich	11	0.3567505180835724
2064	widerwillig	11	0.3567505180835724
300	Herz	11	0.3567505180835724
2147	zögernd	11	0.3567505180835724
943	dankbar	11	0.3567505180835724
710	anblick	11	0.3567505180835724
1210	gleichgültig	11	0.3567505180835724
2141	zuwider	11	0.3567505180835724
827	bereut	11	0.3567505180835724
54	Aufregung	11	0.3567505180835724
848	beunruhigt	11	0.3567505180835724
846	betont	11	0.3567505180835724
842	bestürzt	11	0.3567505180835724
2135	zumute	11	0.3567505180835724
2132	zuliebe	11	0.3567505180835724
1214	glücklich	11	0.3567505180835724
2123	zornig	11	0.3567505180835724
1268	heiter	11	0.3567505180835724
2108	wuttke	11	0.3567505180835724
830	bernstett	11	0.3567505180835724
825	bereitwillig	11	0.3567505180835724
2139	zutiefst	11	0.3567505180835724
1064	ertappt	11	0.3567505180835724
1030	empört	11	0.3567505180835724
1089	fassungslos	11	0.3567505180835724
1052	erleichtert	11	0.3567505180835724
752	aufgeregt	11	0.3567505180835724
753	aufmerksam	11	0.3567505180835724
1969	verlegen	11	0.3567505180835724
1966	vergnügt	11	0.3567505180835724
792	bedauert	11	0.3567505180835724
791	bedauern	11	0.3567505180835724
428	Miene	11	0.3567505180835724
1046	erfreut	11	0.3567505180835724
1505	lächelnd	11	0.3567505180835724
1995	verwirrt	11	0.3567505180835724
1939	unglücklich	11	0.3567505180835724
1935	ungeduld	11	0.3567505180835724
1932	unbefangen	11	0.3567505180835724
1431	lachend	11	0.3567505180835724
1041	enttäuscht	11	0.3567505180835724
1912	traurig	11	0.3567505180835724
1449	lebhaft	11	0.3567505180835724
1901	todunglücklich	11	0.3567505180835724
1452	leichthin	11	0.3567505180835724
1453	leid	11	0.3567505180835724
183	Erwartung	11	0.3567505180835724
1936	ungeduldig	11	0.3567505180835724
801	begeistert	11	0.3567505180835724
755	aufrichtig	11	0.3567505180835724
1996	verwundert	11	0.3567505180835724
1604	niedergeschlagen	11	0.3567505180835724
1595	neugierig	11	0.3567505180835724
997	ehrlich	11	0.3567505180835724
1062	erstaunt	11	0.3567505180835724
810	bekümmern	11	0.3567505180835724
1140	fröhlich	11	0.3567505180835724
1289	hinzu	11	0.3567505180835724
1059	errötet	11	0.3567505180835724
1058	errötend	11	0.3567505180835724
1580	nachdenklich	11	0.3567505180835724
1138	froh	11	0.3567505180835724
1036	entgeistert	11	0.3567505180835724
1581	nachdruck	11	0.3567505180835724
1057	ernsthaft	11	0.3567505180835724
1056	ernst	11	0.3567505180835724
1576	müde	11	0.3567505180835724
862	blass	11	0.3567505180835724
1782	schwindelig	11	0.3567505180835724
1375	kamin	47	0.4033205509185791
1707	rollstuhl	47	0.4033205509185791
1450	ledersessel	47	0.4033205509185791
1800	sessel	47	0.4033205509185791
545	Sofa	47	0.4033205509185791
599	Tischchen	47	0.4033205509185791
774	ballen	1	0.4087965488433838
882	brauen	1	0.4087965488433838
829	bernd	1	0.4087965488433838
775	balthasar	1	0.4087965488433838
856	bhupen	1	0.4087965488433838
713	angebieten	1	0.4087965488433838
960	dennis	1	0.4087965488433838
884	brautbuche	1	0.4087965488433838
719	anhöhe	1	0.4087965488433838
709	anabel	1	0.4087965488433838
716	angern	1	0.4087965488433838
1125	freimund	1	0.4087965488433838
1148	füllten	1	0.4087965488433838
832	bertolf	1	0.4087965488433838
757	augen	1	0.4087965488433838
1171	gefallen	1	0.4087965488433838
793	beduinen	1	0.4087965488433838
1170	gedern	1	0.4087965488433838
872	bolanden	1	0.4087965488433838
759	augenbrauen	1	0.4087965488433838
970	diadem	1	0.4087965488433838
999	eigens	1	0.4087965488433838
787	basten	1	0.4087965488433838
826	berenson	1	0.4087965488433838
836	beschwingen	1	0.4087965488433838
1094	feldstatt	1	0.4087965488433838
1029	emmendingen	1	0.4087965488433838
1080	fallen|fällen	1	0.4087965488433838
739	anwälten	1	0.4087965488433838
738	anwurzeln	1	0.4087965488433838
833	berverath	1	0.4087965488433838
1081	fallen|gefallen	1	0.4087965488433838
1759	schlosses	1	0.4087965488433838
1737	sallern	1	0.4087965488433838
1520	manieren	1	0.4087965488433838
1959	verdenbrück	1	0.4087965488433838
1518	mandanten	1	0.4087965488433838
1513	mahler	1	0.4087965488433838
1758	schlossbewohnern	1	0.4087965488433838
1776	schustern	1	0.4087965488433838
1506	ländereien	1	0.4087965488433838
454	Osten	1	0.4087965488433838
1747	sankken	1	0.4087965488433838
1734	sachs	1	0.4087965488433838
1489	loschek	1	0.4087965488433838
1772	schriftstellern	1	0.4087965488433838
1769	schneringen	1	0.4087965488433838
2019	vors	1	0.4087965488433838
2033	wangen	1	0.4087965488433838
1670	plänen	1	0.4087965488433838
1412	kresten	1	0.4087965488433838
1411	kramm	1	0.4087965488433838
1409	konstanzes	1	0.4087965488433838
1408	konstanze	1	0.4087965488433838
1407	konstantin	1	0.4087965488433838
1487	loetzen	1	0.4087965488433838
1406	konrads	1	0.4087965488433838
299	Herrschaft	1	0.4087965488433838
1777	schwan	1	0.4087965488433838
1832	sowie	1	0.4087965488433838
1836	staaden	1	0.4087965488433838
1845	steffen	1	0.4087965488433838
1846	steinach	1	0.4087965488433838
1847	steinfels	1	0.4087965488433838
192	Familienbesitz	1	0.4087965488433838
1865	stöver	1	0.4087965488433838
1876	tangern	1	0.4087965488433838
1628	olbingen	1	0.4087965488433838
380	Lehen	1	0.4087965488433838
1699	reuben	1	0.4087965488433838
1878	tanzen	1	0.4087965488433838
1590	neffen	1	0.4087965488433838
1571	murmeln	1	0.4087965488433838
1913	treben	1	0.4087965488433838
1917	tränen	1	0.4087965488433838
1555	meyringen	1	0.4087965488433838
1553	meurer	1	0.4087965488433838
1552	meulen	1	0.4087965488433838
1920	ulmen	1	0.4087965488433838
1924	ulstein	1	0.4087965488433838
1692	reimer	1	0.4087965488433838
1879	tanzfläche	1	0.4087965488433838
2051	wenger	1	0.4087965488433838
2035	wappen	1	0.4087965488433838
1401	kobern	1	0.4087965488433838
1275	herleshohe	1	0.4087965488433838
2093	wolters	1	0.4087965488433838
697	altweiler	1	0.4087965488433838
1263	heiden	1	0.4087965488433838
1260	hauser	1	0.4087965488433838
695	alters	1	0.4087965488433838
1259	hausen	1	0.4087965488433838
1245	haaren	1	0.4087965488433838
2057	werneke	1	0.4087965488433838
1761	schlosskapelle	1	0.4087965488433838
1241	gästen	1	0.4087965488433838
1240	gärtnern	1	0.4087965488433838
651	Zell	1	0.4087965488433838
685	alexanders	1	0.4087965488433838
662	abscheiden	1	0.4087965488433838
665	achern	1	0.4087965488433838
684	alexander	1	0.4087965488433838
1282	hessen	1	0.4087965488433838
1293	hochwarth	1	0.4087965488433838
1283	heusern	1	0.4087965488433838
1299	hohenbühl	1	0.4087965488433838
1757	schlossbewohner	1	0.4087965488433838
2160	überschwingen	1	0.4087965488433838
2159	übers	1	0.4087965488433838
2058	werner	1	0.4087965488433838
2143	zwillingen	1	0.4087965488433838
1760	schlossgut	1	0.4087965488433838
2119	zimmern	1	0.4087965488433838
1378	kannstein	1	0.4087965488433838
1371	kaiserslautern	1	0.4087965488433838
1294	hochöchst	1	0.4087965488433838
1366	johannes	1	0.4087965488433838
1750	schaal	1	0.4087965488433838
1315	ignatz	1	0.4087965488433838
2116	zellerfeld	1	0.4087965488433838
1302	hohenwege	1	0.4087965488433838
1300	hohendahl	1	0.4087965488433838
1352	janosch	1	0.4087965488433838
2115	zellenau	1	0.4087965488433838
1860	strahlend	18	0.4569200873374939
1205	glanz	18	0.4569200873374939
883	braun	18	0.4569200873374939
1672	pracht	18	0.4569200873374939
1087	farben	18	0.4569200873374939
869	blühten	18	0.4569200873374939
865	blond	18	0.4569200873374939
612	Vase	18	0.4569200873374939
549	Spange	18	0.4569200873374939
1393	kies	18	0.4569200873374939
1136	frisur	18	0.4569200873374939
1380	kants	18	0.4569200873374939
1379	kant	18	0.4569200873374939
2047	weißen	18	0.4569200873374939
1484	lippen	18	0.4569200873374939
2076	wimpern	18	0.4569200873374939
92	Blume	18	0.4569200873374939
1825	sommersprossen	18	0.4569200873374939
1143	frühling	18	0.4569200873374939
1726	röte	18	0.4569200873374939
863	blau	18	0.4569200873374939
141	Duft	18	0.4569200873374939
650	Zahnspange	18	0.4569200873374939
1235	grünlinden	18	0.4569200873374939
866	blondine	18	0.4569200873374939
1884	teint	18	0.4569200873374939
867	blässe	18	0.4569200873374939
1818	sofia	19	0.457394003868103
1808	signorina	19	0.457394003868103
705	amelies	19	0.457394003868103
1875	tamara	19	0.457394003868103
955	delphine	19	0.457394003868103
939	dame	19	0.457394003868103
980	dorina	19	0.457394003868103
2061	wevermarck	19	0.457394003868103
2011	visconti	19	0.457394003868103
1017	eleonora	19	0.457394003868103
2008	vincent	19	0.457394003868103
1019	elitz	19	0.457394003868103
1022	ellinor	19	0.457394003868103
1023	elsa	19	0.457394003868103
1828	sophia	19	0.457394003868103
909	celina	19	0.457394003868103
906	casimir	19	0.457394003868103
1953	venedig	19	0.457394003868103
1949	vallone	19	0.457394003868103
1946	valentin	19	0.457394003868103
1028	emma	19	0.457394003868103
1890	thassilo	19	0.457394003868103
1882	tatiana	19	0.457394003868103
1881	tassilo	19	0.457394003868103
1034	enno	19	0.457394003868103
1877	tante	19	0.457394003868103
908	celia	19	0.457394003868103
1020	ella	19	0.457394003868103
1666	phyllis	19	0.457394003868103
823	benitas	19	0.457394003868103
822	benita	19	0.457394003868103
1648	patrick	19	0.457394003868103
820	benedikt	19	0.457394003868103
819	benedict	19	0.457394003868103
1385	katie	19	0.457394003868103
1519	mangini	19	0.457394003868103
1642	palazzo	19	0.457394003868103
1639	otto	19	0.457394003868103
1108	floras	19	0.457394003868103
1611	noblesse	19	0.457394003868103
387	Leonora	19	0.457394003868103
1586	natalie	19	0.457394003868103
1585	natalia	19	0.457394003868103
1570	mortimer	19	0.457394003868103
1110	florentine	19	0.457394003868103
777	barbati	19	0.457394003868103
1481	lillian	19	0.457394003868103
1107	flo	19	0.457394003868103
1533	marquis	19	0.457394003868103
1327	ingrid	19	0.457394003868103
1109	florence	19	0.457394003868103
1274	henrietta	19	0.457394003868103
1749	sarnell	19	0.457394003868103
1529	marietta	19	0.457394003868103
704	amelie	19	0.457394003868103
1115	francine	19	0.457394003868103
1741	samantha	19	0.457394003868103
1077	fabre	19	0.457394003868103
703	amelias	19	0.457394003868103
1512	madame	19	0.457394003868103
1530	marita	19	0.457394003868103
702	amelia	19	0.457394003868103
1531	maritz	19	0.457394003868103
1674	principessa	19	0.457394003868103
700	amatas	19	0.457394003868103
699	amata	19	0.457394003868103
1203	gina	19	0.457394003868103
1665	phillip	19	0.457394003868103
1204	giselle	19	0.457394003868103
668	adine	19	0.457394003868103
701	ambiente	19	0.457394003868103
94	Boris	42	0.4638039469718933
1496	lubini	42	0.4638039469718933
259	Guido	42	0.4638039469718933
760	augustine	42	0.4638039469718933
500	Rizzi	42	0.4638039469718933
502	Roberto	42	0.4638039469718933
505	Ronaldo	42	0.4638039469718933
761	augustines	42	0.4638039469718933
596	Timotheus	42	0.4638039469718933
14	Alessandro	42	0.4638039469718933
969	di	42	0.4638039469718933
1193	gero	42	0.4638039469718933
946	darius	42	0.4638039469718933
480	Raffael	42	0.4638039469718933
445	Nikolaus	42	0.4638039469718933
950	de	42	0.4638039469718933
1682	raffaels	42	0.4638039469718933
321	Irina	42	0.4638039469718933
182	Ernesto	42	0.4638039469718933
885	bravo	42	0.4638039469718933
1602	nicolaus	42	0.4638039469718933
325	Iwan	42	0.4638039469718933
404	Luca	42	0.4638039469718933
203	Florenz	42	0.4638039469718933
406	Lucius	42	0.4638039469718933
414	Marco	42	0.4638039469718933
421	Matteo	42	0.4638039469718933
251	Gregor	42	0.4638039469718933
1537	maurice	42	0.4638039469718933
1536	maurer	42	0.4638039469718933
907	castello	42	0.4638039469718933
1748	santa	42	0.4638039469718933
348	Julius	42	0.4638039469718933
2130	zukunft	5	0.46817952394485474
1968	verkaufen	5	0.46817952394485474
1083	familie	5	0.46817952394485474
1774	schulen	5	0.46817952394485474
1691	reichtum	5	0.46817952394485474
1775	schulhof	5	0.46817952394485474
1044	erben	5	0.46817952394485474
1673	praktikum	5	0.46817952394485474
1668	pleite	5	0.46817952394485474
1660	pferdezucht	5	0.46817952394485474
1978	vermögend	5	0.46817952394485474
1084	familien	5	0.46817952394485474
1447	lebensunterhalt	5	0.46817952394485474
1100	finanziell	5	0.46817952394485474
2012	volljährigkeit	5	0.46817952394485474
2124	zucht	5	0.46817952394485474
1025	eltern	5	0.46817952394485474
0	Abitur	5	0.46817952394485474
236	Geld	5	0.46817952394485474
740	arbeiten	5	0.46817952394485474
57	Ausbildung	5	0.46817952394485474
187	Erziehung	5	0.46817952394485474
41	Arbeit	5	0.46817952394485474
850	bewerber	5	0.46817952394485474
641	Werbung	5	0.46817952394485474
610	Uni	5	0.46817952394485474
623	Vermögen	5	0.46817952394485474
572	Studium	5	0.46817952394485474
354	Karriere	5	0.46817952394485474
530	Schulbus	5	0.46817952394485474
85	Betriebswirtschaft	5	0.46817952394485474
216	Friederike	32	0.4707425832748413
405	Lucia	32	0.4707425832748413
543	Sissi	32	0.4707425832748413
417	Marina	32	0.4707425832748413
218	Fritzi	32	0.4707425832748413
66	Barbara	32	0.4707425832748413
419	Marlene	32	0.4707425832748413
1139	fräulein	32	0.4707425832748413
415	Marianne	32	0.4707425832748413
399	Lorena	32	0.4707425832748413
384	Leona	32	0.4707425832748413
1132	friederikes	32	0.4707425832748413
63	Axel	32	0.4707425832748413
87	Bettina	32	0.4707425832748413
223	Gabriela	32	0.4707425832748413
46	Ariane	32	0.4707425832748413
38	Antonia	32	0.4707425832748413
358	Klara	32	0.4707425832748413
356	Katharina	32	0.4707425832748413
33	Annika	32	0.4707425832748413
32	Annelie	32	0.4707425832748413
31	Anneli	32	0.4707425832748413
30	Annalena	32	0.4707425832748413
351	Jörn	32	0.4707425832748413
350	Justus	32	0.4707425832748413
388	Leonore	32	0.4707425832748413
89	Bianca	32	0.4707425832748413
416	Marie	32	0.4707425832748413
98	Brigitta	32	0.4707425832748413
547	Sofie	32	0.4707425832748413
560	Stefanie	32	0.4707425832748413
1883	tatjana	32	0.4707425832748413
157	Elisabeth	32	0.4707425832748413
514	Sabrina	32	0.4707425832748413
155	Eleonore	32	0.4707425832748413
576	Susanne	32	0.4707425832748413
145	Editha	32	0.4707425832748413
497	Ricarda	32	0.4707425832748413
140	Dorothea	32	0.4707425832748413
138	Donata	32	0.4707425832748413
585	Teresa	32	0.4707425832748413
482	Ramona	32	0.4707425832748413
125	Denise	32	0.4707425832748413
121	Cosima	32	0.4707425832748413
608	Ulrike	32	0.4707425832748413
120	Corinna	32	0.4707425832748413
346	Juliane	32	0.4707425832748413
686	alexandra	32	0.4707425832748413
197	Ferdi	32	0.4707425832748413
107	Carina	32	0.4707425832748413
108	Carola	32	0.4707425832748413
439	Nanni	32	0.4707425832748413
90	Bianka	32	0.4707425832748413
446	Oda	32	0.4707425832748413
634	Viola	32	0.4707425832748413
456	Ottilie	32	0.4707425832748413
113	Charlotte	32	0.4707425832748413
189	Eva	32	0.4707425832748413
464	Patrizia	32	0.4707425832748413
118	Clarissa	32	0.4707425832748413
195	Felicitas	32	0.4707425832748413
99	Britta	32	0.4707425832748413
542	Simone	32	0.4707425832748413
322	Isabell	32	0.4707425832748413
25	Angelika	32	0.4707425832748413
12	Agathe	32	0.4707425832748413
27	Anita	32	0.4707425832748413
285	Heidrun	32	0.4707425832748413
331	Janine	32	0.4707425832748413
333	Jasmin	32	0.4707425832748413
330	Janina	32	0.4707425832748413
329	Jakob	32	0.4707425832748413
17	Alina	32	0.4707425832748413
327	Jadwiga	32	0.4707425832748413
317	Ilka	32	0.4707425832748413
293	Henrik	32	0.4707425832748413
260	Gundula	32	0.4707425832748413
15	Alexandra	32	0.4707425832748413
302	Hiltrud	32	0.4707425832748413
258	Gudula	32	0.4707425832748413
16	Alida	32	0.4707425832748413
2087	wochenenden	30	0.48842301964759827
2086	wochenende	30	0.48842301964759827
2085	wochen	30	0.48842301964759827
2084	woche	30	0.48842301964759827
1562	monate	30	0.48842301964759827
1563	monaten	30	0.48842301964759827
1649	pausen	30	0.48842301964759827
1873	tagen	30	0.48842301964759827
408	Lust	20	0.5055609941482544
287	Heiratsantrag	20	0.5055609941482544
636	Vorstellung	20	0.5055609941482544
1474	liebeserklärung	20	0.5055609941482544
21	Andeutung	20	0.5055609941482544
152	Einladung	20	0.5055609941482544
316	Idee	20	0.5055609941482544
1786	sehnsucht	20	0.5055609941482544
184	Erwiderung	20	0.5055609941482544
61	Ausruf	20	0.5055609941482544
79	Bemerkung	20	0.5055609941482544
177	Erkenntnis	20	0.5055609941482544
52	Aufforderung	20	0.5055609941482544
363	Kompliment	20	0.5055609941482544
1801	seufzen	20	0.5055609941482544
649	Wunsch	20	0.5055609941482544
40	Appetit	20	0.5055609941482544
62	Avance	20	0.5055609941482544
551	Spaß	20	0.5055609941482544
233	Gedanke	20	0.5055609941482544
539	Seufzer	20	0.5055609941482544
517	Satz	20	0.5055609941482544
174	Erfüllung	20	0.5055609941482544
1573	mädchen	45	0.5277119278907776
1779	schwester	45	0.5277119278907776
186	Erzieherin	45	0.5277119278907776
284	Haushälterin	45	0.5277119278907776
254	Großmutter	45	0.5277119278907776
1261	hausmädchen	45	0.5277119278907776
1394	kinderfrau	45	0.5277119278907776
940	damen	45	0.5277119278907776
166	Enkelin	45	0.5277119278907776
123	Cousine	45	0.5277119278907776
1395	kindermädchen	45	0.5277119278907776
1119	frau	45	0.5277119278907776
1780	schwestern	45	0.5277119278907776
1227	großeltern	45	0.5277119278907776
130	Dienstmädchen	45	0.5277119278907776
1130	freundinnen	45	0.5277119278907776
1423	kundinnen	45	0.5277119278907776
245	Geschwister	45	0.5277119278907776
1781	schwiegertochter	45	0.5277119278907776
437	Mutter	45	0.5277119278907776
531	Schwägerin	45	0.5277119278907776
1647	patentante	45	0.5277119278907776
213	Freundin	45	0.5277119278907776
1229	großnichte	45	0.5277119278907776
571	Stubenmädchen	45	0.5277119278907776
1230	großtante	45	0.5277119278907776
282	Hausdame	45	0.5277119278907776
372	Köchin	45	0.5277119278907776
568	Stiefmutter	45	0.5277119278907776
1180	geltung	15	0.5320794582366943
1037	entscheidungen	15	0.5320794582366943
629	Verwandtschaft	15	0.5320794582366943
247	Gespräch	15	0.5320794582366943
70	Begegnung	15	0.5320794582366943
235	Geheimnis	15	0.5320794582366943
1547	meinung	15	0.5320794582366943
1956	verabschiedet	15	0.5320794582366943
736	ansprüchen	15	0.5320794582366943
1955	verabschieden	15	0.5320794582366943
558	Standesdünkel	15	0.5320794582366943
169	Entscheidung	15	0.5320794582366943
638	Wahl	15	0.5320794582366943
626	Versöhnung	15	0.5320794582366943
637	Vortrag	15	0.5320794582366943
1298	hoheit	15	0.5320794582366943
29	Ankunft	15	0.5320794582366943
77	Bekanntschaft	15	0.5320794582366943
618	Verhältnis	15	0.5320794582366943
611	Unsinn	15	0.5320794582366943
74	Behauptung	15	0.5320794582366943
624	Verpflichtung	15	0.5320794582366943
318	Interesse	15	0.5320794582366943
533	Schönheit	15	0.5320794582366943
452	Ordnung	15	0.5320794582366943
1286	hiermit	15	0.5320794582366943
295	Herkunft	15	0.5320794582366943
188	Etikette	15	0.5320794582366943
214	Freundschaft	15	0.5320794582366943
625	Verständnis	15	0.5320794582366943
2142	zweisamkeit	15	0.5320794582366943
996	ehrenwort	15	0.5320794582366943
1174	gegenwart	15	0.5320794582366943
1012	einverstanden	15	0.5320794582366943
277	Harmonie	15	0.5320794582366943
754	aufmerksamkeit	15	0.5320794582366943
34	Ansicht	15	0.5320794582366943
1997	verzaubern	15	0.5320794582366943
807	behilflich	15	0.5320794582366943
24	Angelegenheit	15	0.5320794582366943
811	belau	15	0.5320794582366943
35	Anspruch	15	0.5320794582366943
1977	vermögen	15	0.5320794582366943
1981	vernunft	15	0.5320794582366943
2080	wirklichkeit	15	0.5320794582366943
1854	stillschweigen	15	0.5320794582366943
1088	fassung	15	0.5320794582366943
153	Einschätzung	15	0.5320794582366943
1011	einvernehmen	15	0.5320794582366943
570	Streit	15	0.5320794582366943
855	beziehungen	15	0.5320794582366943
2151	ähnlichkeit	15	0.5320794582366943
854	beziehung	15	0.5320794582366943
653	Zurückhaltung	15	0.5320794582366943
1233	grunde	15	0.5320794582366943
359	Klarheit	15	0.5320794582366943
1994	verwandt	15	0.5320794582366943
1252	haltung	15	0.5320794582366943
512	Rückkehr	15	0.5320794582366943
1856	stimmung	15	0.5320794582366943
1589	natürlichkeit	15	0.5320794582366943
314	Höflichkeit	15	0.5320794582366943
1654	persönlichkeit	15	0.5320794582366943
663	abwesenheit	15	0.5320794582366943
590	Thema	15	0.5320794582366943
1129	freunden	15	0.5320794582366943
448	Offenheit	15	0.5320794582366943
1988	versöhnen	15	0.5320794582366943
1855	stimmen	15	0.5320794582366943
1200	geständnis	15	0.5320794582366943
1322	imstande	15	0.5320794582366943
262	Gunst	15	0.5320794582366943
1326	infrage	15	0.5320794582366943
432	Missverständnis	15	0.5320794582366943
1202	gewohnheit	15	0.5320794582366943
135	Diskretion	15	0.5320794582366943
1054	erna	15	0.5320794582366943
136	Disziplin	15	0.5320794582366943
797	befreunden	15	0.5320794582366943
1728	rührung	15	0.5320794582366943
798	begabung	15	0.5320794582366943
447	Odin	14	0.5378214716911316
1237	gunther	14	0.5378214716911316
1859	storkow	14	0.5378214716911316
1217	graf	14	0.5378214716911316
1706	roeders	14	0.5378214716911316
1351	janniks	14	0.5378214716911316
1919	uli	14	0.5378214716911316
1443	layden	14	0.5378214716911316
1442	laura	14	0.5378214716911316
1440	lars	14	0.5378214716911316
1914	tron	14	0.5378214716911316
1439	larissa	14	0.5378214716911316
1362	jill	14	0.5378214716911316
1363	jobst	14	0.5378214716911316
1364	jodok	14	0.5378214716911316
1365	jodoks	14	0.5378214716911316
1437	lara	14	0.5378214716911316
954	delamo	14	0.5378214716911316
1746	sandras	14	0.5378214716911316
1382	karan	14	0.5378214716911316
1350	jannik	14	0.5378214716911316
1705	roeder	14	0.5378214716911316
1349	janko	14	0.5378214716911316
1458	leon	14	0.5378214716911316
1708	rom	14	0.5378214716911316
1498	lucies	14	0.5378214716911316
1497	lucie	14	0.5378214716911316
1492	lotte	14	0.5378214716911316
1491	lotta	14	0.5378214716911316
1485	liv	14	0.5378214716911316
1305	hoorn	14	0.5378214716911316
1480	lilli	14	0.5378214716911316
1871	tabea	14	0.5378214716911316
1467	levka	14	0.5378214716911316
1462	leons	14	0.5378214716911316
1945	vaal	14	0.5378214716911316
1461	leonies	14	0.5378214716911316
1460	leonie	14	0.5378214716911316
1459	leonid	14	0.5378214716911316
1338	isa	14	0.5378214716911316
932	cosimas	14	0.5378214716911316
1745	sandra	14	0.5378214716911316
1146	furio	14	0.5378214716911316
927	constanzes	14	0.5378214716911316
926	constanze	14	0.5378214716911316
925	constantin	14	0.5378214716911316
1687	rayer	14	0.5378214716911316
890	britten	14	0.5378214716911316
745	armin	14	0.5378214716911316
1811	silvie	14	0.5378214716911316
889	brion	14	0.5378214716911316
1810	silvia	14	0.5378214716911316
1809	sigurd	14	0.5378214716911316
931	corloys	14	0.5378214716911316
2118	ziltz	14	0.5378214716911316
1121	freese	14	0.5378214716911316
911	chantal	14	0.5378214716911316
921	clemens	14	0.5378214716911316
786	barrentrop	14	0.5378214716911316
1802	severin	14	0.5378214716911316
877	bosch	14	0.5378214716911316
2096	worritsch	14	0.5378214716911316
1644	paps	14	0.5378214716911316
1641	overbeck	14	0.5378214716911316
1634	orth	14	0.5378214716911316
1632	olli	14	0.5378214716911316
1688	recaris	14	0.5378214716911316
1630	oliv	14	0.5378214716911316
1096	ferrer	14	0.5378214716911316
878	bosny	14	0.5378214716911316
376	Latif	14	0.5378214716911316
1609	niko	14	0.5378214716911316
1608	nik	14	0.5378214716911316
789	beatrix	14	0.5378214716911316
1629	olga	14	0.5378214716911316
1837	stabow	14	0.5378214716911316
875	bonsai	14	0.5378214716911316
1840	stallmeister	14	0.5378214716911316
1524	maren	14	0.5378214716911316
1534	marsik	14	0.5378214716911316
1219	gregors	14	0.5378214716911316
1528	margret	14	0.5378214716911316
928	constanzia	14	0.5378214716911316
1218	grafen	14	0.5378214716911316
2000	victor	14	0.5378214716911316
1527	margarethe	14	0.5378214716911316
1526	margarete	14	0.5378214716911316
1841	stallungen	14	0.5378214716911316
1525	margareta	14	0.5378214716911316
1027	emir	14	0.5378214716911316
1952	vaters	39	0.5459996461868286
1433	landes	39	0.5459996461868286
1974	verlust	39	0.5459996461868286
837	besitzes	39	0.5459996461868286
1633	onkels	39	0.5459996461868286
1176	geldes	39	0.5459996461868286
1075	essens	39	0.5459996461868286
102	Brötchen	21	0.5808742046356201
894	brühl	21	0.5808742046356201
1206	glas	21	0.5808742046356201
583	Tee	21	0.5808742046356201
537	Sekt	21	0.5808742046356201
1799	servieren	21	0.5808742046356201
409	Mahlzeit	21	0.5808742046356201
910	champagner	21	0.5808742046356201
1550	menü	21	0.5808742046356201
1723	rotwein	21	0.5808742046356201
1880	tasse	21	0.5808742046356201
979	dorfkrug	21	0.5808742046356201
232	Gebäck	21	0.5808742046356201
1872	tablett	21	0.5808742046356201
655	Zärtlichkeit	35	0.6572999954223633
88	Bewunderung	35	0.6572999954223633
442	Neugier	35	0.6572999954223633
1999	verzweiflung	35	0.6572999954223633
796	befangenheit	35	0.6572999954223633
579	Sympathie	35	0.6572999954223633
1910	trauer	35	0.6572999954223633
2149	Überraschung	35	0.6572999954223633
1446	lebensfreude	35	0.6572999954223633
1795	seligkeit	35	0.6572999954223633
652	Zuneigung	35	0.6572999954223633
163	Empörung	35	0.6572999954223633
179	Erleichterung	35	0.6572999954223633
1126	freude	35	0.6572999954223633
1269	heiterkeit	35	0.6572999954223633
171	Enttäuschung	35	0.6572999954223633
614	Verachtung	35	0.6572999954223633
534	Schüchternheit	35	0.6572999954223633
91	Bitterkeit	35	0.6572999954223633
619	Verlegenheit	35	0.6572999954223633
1	Abneigung	35	0.6572999954223633
630	Verwunderung	35	0.6572999954223633
604	Traurigkeit	35	0.6572999954223633
71	Begeisterung	35	0.6572999954223633
620	Verliebtheit	35	0.6572999954223633
1419	kummer	35	0.6572999954223633
1141	fröhlichkeit	35	0.6572999954223633
2041	wehmut	35	0.6572999954223633
1195	gerührt	13	0.8900591135025024
371	Kuss	13	0.8900591135025024
616	Verbeugung	13	0.8900591135025024
2074	willkommen	13	0.8900591135025024
805	begrüßt	13	0.8900591135025024
1281	herzlich	13	0.8900591135025024
1926	umarmt	13	0.8900591135025024
1312	händedruck	13	0.8900591135025024
944	danken	13	0.8900591135025024
2110	zart	13	0.8900591135025024
1980	verneigt	13	0.8900591135025024
73	Begrüßung	13	0.8900591135025024
804	begrüßen	13	0.8900591135025024
1040	entschuldigt	13	0.8900591135025024
631	Verzeihung	13	0.8900591135025024
1998	verzeihen	13	0.8900591135025024
1039	entschuldigen	13	0.8900591135025024
790	bedankt	13	0.8900591135025024
609	Umarmung	13	0.8900591135025024
170	Entschuldigung	13	0.8900591135025024
1477	liebevoll	13	0.8900591135025024
639	Wange	13	0.8900591135025024
2145	zärtlich	13	0.8900591135025024
723	anmut	31	0.942981481552124
361	Kleid	31	0.942981481552124
1013	elegant	31	0.942981481552124
462	Parkett	31	0.942981481552124
420	Marmor	31	0.942981481552124
1014	eleganz	31	0.942981481552124
622	Verlobungsring	31	0.942981481552124
36	Antiquität	31	0.942981481552124
239	Gemälde	31	0.942981481552124
1909	traualtar	31	0.942981481552124
1164	garderobe	31	0.942981481552124
1540	medaillon	31	0.942981481552124
535	Seide	31	0.942981481552124
475	Porzellanmanufaktur	31	0.942981481552124
474	Porzellan	31	0.942981481552124
307	Hochzeitskleid	31	0.942981481552124
1397	kleider	31	0.942981481552124
536	Seidenkleid	31	0.942981481552124
368	Kostüm	31	0.942981481552124
1695	reitkleidung	31	0.942981481552124
1402	kollier	31	0.942981481552124
101	Bräutigam	31	0.942981481552124
1424	kunst	31	0.942981481552124
1768	schmuckstücke	31	0.942981481552124
433	Mode	31	0.942981481552124
1767	schmuck	31	0.942981481552124
64	Ballkleid	31	0.942981481552124
172	Erbin	48	0.9549985527992249
173	Erbprinz	48	0.9549985527992249
1045	erbprinz	48	0.9549985527992249
900	bürgerlich	48	0.9549985527992249
666	adelig	48	0.9549985527992249
1676	prinzen	48	0.9549985527992249
1155	fürstenmutter	48	0.9549985527992249
1154	fürsten	48	0.9549985527992249
1153	fürst	48	0.9549985527992249
1675	prinz	48	0.9549985527992249
220	Fürstenfamilie	48	0.9549985527992249
221	Fürstenhaus	48	0.9549985527992249
477	Prinzessin	48	0.9549985527992249
1292	hochadel	48	0.9549985527992249
1157	fürstin	48	0.9549985527992249
5	Adel	48	0.9549985527992249
1159	fürstinwitwe	48	0.9549985527992249
1160	fürstlich	48	0.9549985527992249
8	Adelstitel	48	0.9549985527992249
1234	gräflichen	48	0.9549985527992249
1677	prinzessinnen	48	0.9549985527992249
1158	fürstinmutter	48	0.9549985527992249
7	Adelsbach	48	0.9549985527992249
1574	märchen	43	0.9566935300827026
1541	medien	43	0.9566935300827026
1583	nachrichten	43	0.9566935300827026
1596	neuigkeit	43	0.9566935300827026
1597	neuigkeiten	43	0.9566935300827026
379	Lebensstil	43	0.9566935300827026
378	Leben	43	0.9566935300827026
1448	lebensweg	43	0.9566935300827026
1445	lebensende	43	0.9566935300827026
176	Erinnerung	43	0.9566935300827026
1475	liebesgeschichte	43	0.9566935300827026
343	Jugend	43	0.9566935300827026
1347	jahren	43	0.9566935300827026
1958	verbracht	43	0.9566935300827026
1197	geschichten	43	0.9566935300827026
1348	jahrhundert	43	0.9566935300827026
1196	geschichte	43	0.9566935300827026
1324	indien	43	0.9566935300827026
112	Charakter	43	0.9566935300827026
1908	traditionen	43	0.9566935300827026
1086	familiengeschichte	43	0.9566935300827026
1194	gerüchte	43	0.9566935300827026
692	alsleben	43	0.9566935300827026
1184	generationen	43	0.9566935300827026
603	Tradition	43	0.9566935300827026
569	Stil	43	0.9566935300827026
2146	zärtlichkeiten	43	0.9566935300827026
1891	themen	43	0.9566935300827026
2148	Öffentlichkeit	43	0.9566935300827026
1177	gelegenheiten	43	0.9566935300827026
2017	vorhaltungen	43	0.9566935300827026
263	Gutsbetrieb	2	0.9676905870437622
84	Besucherin	2	0.9676905870437622
1731	saarbrücken	2	0.9676905870437622
1979	vermögensverwalter	2	0.9676905870437622
104	Buchhandlung	2	0.9676905870437622
455	Otter	2	0.9676905870437622
627	Verwalter	2	0.9676905870437622
1271	helmgart	2	0.9676905870437622
1272	helmgarts	2	0.9676905870437622
265	Gutsverwalter	2	0.9676905870437622
601	Togo	2	0.9676905870437622
468	Pferdepfleger	2	0.9676905870437622
469	Pferdepflegerin	2	0.9676905870437622
470	Pferdestall	2	0.9676905870437622
471	Plan	2	0.9676905870437622
600	Tischdame	2	0.9676905870437622
200	Firma	2	0.9676905870437622
283	Hausdiener	2	0.9676905870437622
168	Entführung	2	0.9676905870437622
1167	gastgeberin	2	0.9676905870437622
1002	eilenried	2	0.9676905870437622
242	Gepäck	2	0.9676905870437622
1018	elfriede	2	0.9676905870437622
246	Gesellschaft	2	0.9676905870437622
237	Geldübergabe	2	0.9676905870437622
349	Juniorchef	2	0.9676905870437622
1053	ermittler	2	0.9676905870437622
857	bibliothek	2	0.9676905870437622
1645	parken	2	0.9676905870437622
2129	zuhause	2	0.9676905870437622
986	durchlaucht	2	0.9676905870437622
1697	renkenhof	2	0.9676905870437622
1621	oberförster	2	0.9676905870437622
227	Gast	2	0.9676905870437622
1105	flieger	2	0.9676905870437622
788	baumer	2	0.9676905870437622
1805	siebenbuchen	2	0.9676905870437622
59	Auslauf	2	0.9676905870437622
298	Herrin	2	0.9676905870437622
2056	werkstatt	2	0.9676905870437622
973	dienstboten	2	0.9676905870437622
972	dienerschaft	2	0.9676905870437622
296	Herr	2	0.9676905870437622
396	Limousine	2	0.9676905870437622
72	Begleitung	2	0.9676905870437622
2032	walter	2	0.9676905870437622
472	Polizei	2	0.9676905870437622
1168	gastgebern	2	0.9676905870437622
1166	gastgeber	2	0.9676905870437622
326	Jacht	2	0.9676905870437622
496	Restaurant	2	0.9676905870437622
556	Stallknecht	2	0.9676905870437622
555	Stall	2	0.9676905870437622
503	Roggen	2	0.9676905870437622
494	Rennbahn	2	0.9676905870437622
490	Reisetasche	2	0.9676905870437622
553	Sportwagen	2	0.9676905870437622
507	Rosenhof	2	0.9676905870437622
266	Gärtnerei	2	0.9676905870437622
1353	jawohl	2	0.9676905870437622
178	Erkundigung	2	0.9676905870437622
1896	tierarzt	2	0.9676905870437622
1416	kriminalrats	2	0.9676905870437622
1425	künftig	2	0.9676905870437622
1415	kriminalrat	2	0.9676905870437622
1414	kriminalhauptkommissar	2	0.9676905870437622
574	Stöckchen	2	0.9676905870437622
1377	kammerdiener	2	0.9676905870437622
129	Diener	2	0.9676905870437622
1381	kanzlei	2	0.9676905870437622
538	Seniorenresidenz	2	0.9676905870437622
167	Entführer	2	0.9676905870437622
486	Rechtsanwalt	2	0.9676905870437622
268	Gästezimmer	12	1.0407836437225342
106	Büro	12	1.0407836437225342
150	Eingangshalle	12	1.0407836437225342
675	ahnengalerie	12	1.0407836437225342
42	Arbeitszimmer	12	1.0407836437225342
50	Atelier	12	1.0407836437225342
207	Foyer	12	1.0407836437225342
1637	ostflügel	12	1.0407836437225342
552	Speisezimmer	12	1.0407836437225342
2090	wohnung	12	1.0407836437225342
225	Galerie	12	1.0407836437225342
478	Privatraum	12	1.0407836437225342
39	Appartement	12	1.0407836437225342
1730	saalen	12	1.0407836437225342
1729	saal	12	1.0407836437225342
1111	flügel	12	1.0407836437225342
436	Musikzimmer	12	1.0407836437225342
1183	gemächer	12	1.0407836437225342
1098	festsaal	12	1.0407836437225342
219	Frühstückszimmer	12	1.0407836437225342
1376	kaminzimmer	12	1.0407836437225342
1243	gästesuiten	12	1.0407836437225342
647	Wohnungstür	12	1.0407836437225342
646	Wohnung	12	1.0407836437225342
1870	südflügel	12	1.0407836437225342
1242	gästesuite	12	1.0407836437225342
28	Ankleidezimmer	12	1.0407836437225342
642	Westflügel	12	1.0407836437225342
587	Terrasse	12	1.0407836437225342
65	Ballsaal	12	1.0407836437225342
1144	frühstückstisch	12	1.0407836437225342
818	bendt	9	1.0893141031265259
933	cousins	9	1.0893141031265259
934	cramm	9	1.0893141031265259
929	conte	9	1.0893141031265259
2091	wolf	9	1.0893141031265259
1812	situation	9	1.0893141031265259
776	banken	9	1.0893141031265259
812	belling	9	1.0893141031265259
1076	event	9	1.0893141031265259
771	babs	9	1.0893141031265259
930	contessa	9	1.0893141031265259
2082	witt	9	1.0893141031265259
1898	tims	9	1.0893141031265259
1897	timen	9	1.0893141031265259
1090	fedor	9	1.0893141031265259
966	dessert	9	1.0893141031265259
1074	espresso	9	1.0893141031265259
1798	semester	9	1.0893141031265259
1803	sherry	9	1.0893141031265259
1893	thun	9	1.0893141031265259
891	brocks	9	1.0893141031265259
1033	engagement	9	1.0893141031265259
1679	quest	9	1.0893141031265259
895	burg	9	1.0893141031265259
1735	safe	9	1.0893141031265259
901	carl	9	1.0893141031265259
923	cohnen	9	1.0893141031265259
920	claus	9	1.0893141031265259
902	carls	9	1.0893141031265259
1253	hamburg	9	1.0893141031265259
916	chauffeur	9	1.0893141031265259
915	charu	9	1.0893141031265259
1874	talent	9	1.0893141031265259
1861	stress	9	1.0893141031265259
1323	ina	9	1.0893141031265259
903	caro	9	1.0893141031265259
888	brinck	9	1.0893141031265259
924	concierge	9	1.0893141031265259
880	boxer	9	1.0893141031265259
1839	stall	9	1.0893141031265259
2007	villa	9	1.0893141031265259
1903	ton	9	1.0893141031265259
1308	hoven	9	1.0893141031265259
1307	houst	9	1.0893141031265259
1538	max	9	1.0893141031265259
922	cohen	9	1.0893141031265259
858	biggi	9	1.0893141031265259
873	boldt	9	1.0893141031265259
876	bork	9	1.0893141031265259
1653	personal	9	1.0893141031265259
879	bott	9	1.0893141031265259
1311	humor	9	1.0893141031265259
690	ally	9	1.0893141031265259
870	bodden	9	1.0893141031265259
914	charme	9	1.0893141031265259
243	Gerhard	4	1.533589243888855
48	Arnim	4	1.533589243888855
532	Schönfeld	4	1.533589243888855
370	Kurt	4	1.533589243888855
47	Arndt	4	1.533589243888855
309	Hoffmann	4	1.533589243888855
338	Joachim	4	1.533589243888855
310	Holger	4	1.533589243888855
13	Albert	4	1.533589243888855
347	Julietta	4	1.533589243888855
366	Konrad	4	1.533589243888855
352	Karl	4	1.533589243888855
365	Konny	4	1.533589243888855
362	Knut	4	1.533589243888855
37	Anton	4	1.533589243888855
241	Georg	4	1.533589243888855
1309	hubertus	4	1.533589243888855
294	Heribert	4	1.533589243888855
422	Maximilian	4	1.533589243888855
270	Hagedorn	4	1.533589243888855
418	Marius	4	1.533589243888855
279	Harro	4	1.533589243888855
142	Eberhard	4	1.533589243888855
383	Leo	4	1.533589243888855
423	Maximiliane	4	1.533589243888855
1539	maximilianes	4	1.533589243888855
271	Hagen	4	1.533589243888855
93	Bodo	4	1.533589243888855
204	Florian	4	1.533589243888855
489	Reinhardt	4	1.533589243888855
198	Ferdinand	4	1.533589243888855
278	Harmstorf	4	1.533589243888855
115	Christian	4	1.533589243888855
116	Christoph	4	1.533589243888855
577	Sven	4	1.533589243888855
274	Hannes	4	1.533589243888855
1851	sternbergern	4	1.533589243888855
648	Wolfram	4	1.533589243888855
196	Felix	4	1.533589243888855
275	Harald	4	1.533589243888855
131	Dieter	4	1.533589243888855
444	Niklas	4	1.533589243888855
1247	hagedorn	4	1.533589243888855
644	Wilhelm	4	1.533589243888855
643	Wilfried	4	1.533589243888855
132	Dietmar	4	1.533589243888855
194	Feli	4	1.533589243888855
190	Fabian	4	1.533589243888855
635	Volkmar	4	1.533589243888855
272	Hajo	4	1.533589243888855
143	Eckhard	4	1.533589243888855
83	Bernhardette	4	1.533589243888855
82	Bernhard	4	1.533589243888855
594	Thorben	4	1.533589243888855
1807	siegburg	4	1.533589243888855
561	Steffie	4	1.533589243888855
564	Stephan	4	1.533589243888855
9	Adelung	4	1.533589243888855
386	Leonhard	4	1.533589243888855
389	Leopold	4	1.533589243888855
481	Ralf	4	1.533589243888855
175	Erich	4	1.533589243888855
566	Sternberg	4	1.533589243888855
591	Theobald	4	1.533589243888855
67	Bastian	4	1.533589243888855
127	Desiree	4	1.533589243888855
592	Theodor	4	1.533589243888855
133	Dietrich	4	1.533589243888855
567	Sternberger	4	1.533589243888855
607	Ulf	4	1.533589243888855
119	Cordelia	4	1.533589243888855
4	Adalbert	4	1.533589243888855
269	Günther	4	1.533589243888855
217	Fritz	4	1.533589243888855
407	Ludwig	4	1.533589243888855
509	Rudolf	4	1.533589243888855
292	Henning	4	1.533589243888855
488	Reinhard	4	1.533589243888855
401	Lothar	4	1.533589243888855
261	Gunhilde	4	1.533589243888855
290	Hendrik	4	1.533589243888855
400	Lorenz	4	1.533589243888855
546	Sofia	4	1.533589243888855
185	Erwin	4	1.533589243888855
286	Heinrich	4	1.533589243888855
2126	zuerst	3	1.55364990234375
2134	zumindest	3	1.55364990234375
250	Glück	3	1.55364990234375
2156	überhaupt	3	1.55364990234375
2154	überaus	3	1.55364990234375
2153	öfter	3	1.55364990234375
2158	überraschend	3	1.55364990234375
2131	zuletzt	3	1.55364990234375
2144	zwischendurch	3	1.55364990234375
1756	schließlich	3	1.55364990234375
2140	zuvor	3	1.55364990234375
2133	zumal	3	1.55364990234375
2136	zurzeit	3	1.55364990234375
2127	zufällig	3	1.55364990234375
3	Abwechslung	3	1.55364990234375
2039	wegen	3	1.55364990234375
23	Anfang	3	1.55364990234375
1822	sogleich	3	1.55364990234375
1823	solche	3	1.55364990234375
1824	somit	3	1.55364990234375
1826	sondern	3	1.55364990234375
2026	wahrhaftig	3	1.55364990234375
1827	sonst	3	1.55364990234375
2020	vorsichtshalber	3	1.55364990234375
2018	vorher	3	1.55364990234375
1833	sowieso	3	1.55364990234375
1834	sozusagen	3	1.55364990234375
2014	von	3	1.55364990234375
2013	vollkommen	3	1.55364990234375
1842	statt	3	1.55364990234375
2002	vielleicht	3	1.55364990234375
2001	viel	3	1.55364990234375
1853	stets	3	1.55364990234375
1976	vermutlich	3	1.55364990234375
1863	ständig	3	1.55364990234375
1941	unwillkürlich	3	1.55364990234375
1937	ungern	3	1.55364990234375
1933	unerwartet	3	1.55364990234375
1931	unbedingt	3	1.55364990234375
1928	umgehend	3	1.55364990234375
1916	trotzdem	3	1.55364990234375
164	Ende	3	1.55364990234375
1821	sogar	3	1.55364990234375
2036	warm	3	1.55364990234375
1820	sofort	3	1.55364990234375
2042	weil	3	1.55364990234375
1770	schon	3	1.55364990234375
238	Gelegenheit	3	1.55364990234375
234	Gegenteil	3	1.55364990234375
2095	woraufhin	3	1.55364990234375
2094	womöglich	3	1.55364990234375
2089	wohl	3	1.55364990234375
2079	wirklich	3	1.55364990234375
1787	sehr	3	1.55364990234375
1788	seinerzeit	3	1.55364990234375
1790	seit	3	1.55364990234375
1791	seitdem	3	1.55364990234375
1793	selbst	3	1.55364990234375
2117	ziemlich	3	1.55364990234375
1794	selbstverständlich	3	1.55364990234375
2073	willen	3	1.55364990234375
2072	willem	3	1.55364990234375
2067	wiederholt	3	1.55364990234375
1804	sicherlich	3	1.55364990234375
60	Ausnahme	3	1.55364990234375
2055	wenngleich	3	1.55364990234375
2054	wenn	3	1.55364990234375
2053	wenigstens	3	1.55364990234375
2052	wenig	3	1.55364990234375
1815	so	3	1.55364990234375
1816	sobald	3	1.55364990234375
1817	soeben	3	1.55364990234375
1796	seltsamerweise	3	1.55364990234375
948	dass	3	1.55364990234375
2163	übrigens	3	1.55364990234375
660	aber	3	1.55364990234375
1335	irgendwann	3	1.55364990234375
840	bestens	3	1.55364990234375
1517	manchmal	3	1.55364990234375
841	bestimmt	3	1.55364990234375
715	angenehm	3	1.55364990234375
849	bevor	3	1.55364990234375
581	Tag	3	1.55364990234375
1063	erstenmal	3	1.55364990234375
426	Mensch	3	1.55364990234375
1328	insgeheim	3	1.55364990234375
1321	immerhin	3	1.55364990234375
1544	mehrmals	3	1.55364990234375
1320	immer	3	1.55364990234375
1178	gelegentlich	3	1.55364990234375
1163	garantiert	3	1.55364990234375
859	bisher	3	1.55364990234375
1316	ihr	3	1.55364990234375
949	davon	3	1.55364990234375
1182	gemeinsam	3	1.55364990234375
860	bisschen	3	1.55364990234375
1055	erneut	3	1.55364990234375
1187	gerade	3	1.55364990234375
1561	mittlerweile	3	1.55364990234375
1188	geradezu	3	1.55364990234375
1124	freilich	3	1.55364990234375
1010	eins	3	1.55364990234375
1009	einmal	3	1.55364990234375
712	anders	3	1.55364990234375
1007	einigermaßen	3	1.55364990234375
1296	hoffentlich	3	1.55364990234375
1548	meistens	3	1.55364990234375
1006	einfach	3	1.55364990234375
1162	gar	3	1.55364990234375
1507	längst	3	1.55364990234375
770	außerdem	3	1.55364990234375
557	Stand	3	1.55364990234375
1387	keinerlei	3	1.55364990234375
1388	keinesfalls	3	1.55364990234375
1389	keineswegs	3	1.55364990234375
764	ausnehmend	3	1.55364990234375
773	bald	3	1.55364990234375
763	ausnahmsweise	3	1.55364990234375
758	augenblick	3	1.55364990234375
1142	früher	3	1.55364990234375
1361	jetzt	3	1.55364990234375
1428	kürzlich	3	1.55364990234375
527	Schluss	3	1.55364990234375
1359	jemals	3	1.55364990234375
1161	ganz	3	1.55364990234375
1104	fit	3	1.55364990234375
1357	jedoch	3	1.55364990234375
1356	jederzeit	3	1.55364990234375
1455	leider	3	1.55364990234375
808	beinahe	3	1.55364990234375
1355	jedenfalls	3	1.55364990234375
1354	je	3	1.55364990234375
1466	letztlich	3	1.55364990234375
809	bekanntlich	3	1.55364990234375
824	bereits	3	1.55364990234375
1150	für	3	1.55364990234375
1346	ja	3	1.55364990234375
1082	falsch	3	1.55364990234375
2162	überzeugt	3	1.55364990234375
838	besonders	3	1.55364990234375
1358	jeher	3	1.55364990234375
1005	einerseits	3	1.55364990234375
1031	endlich	3	1.55364990234375
975	dies	3	1.55364990234375
1701	richtig	3	1.55364990234375
1625	ohne	3	1.55364990234375
1626	ohnehin	3	1.55364990234375
1191	gerne	3	1.55364990234375
935	dahin	3	1.55364990234375
711	andererseits	3	1.55364990234375
976	doch	3	1.55364990234375
945	daraufhin	3	1.55364990234375
693	also	3	1.55364990234375
1190	gern	3	1.55364990234375
938	damals	3	1.55364990234375
956	demnächst	3	1.55364990234375
959	denn	3	1.55364990234375
941	danach	3	1.55364990234375
1238	gut	3	1.55364990234375
967	desto	3	1.55364990234375
633	Viertelstunde	3	1.55364990234375
965	deshalb	3	1.55364990234375
1208	gleich	3	1.55364990234375
1689	recht	3	1.55364990234375
1684	rasch	3	1.55364990234375
1239	gänzlich	3	1.55364990234375
964	derzeit	3	1.55364990234375
963	dermaßen	3	1.55364990234375
962	derart	3	1.55364990234375
961	dennoch	3	1.55364990234375
942	dank	3	1.55364990234375
303	Hinsicht	3	1.55364990234375
654	Zwischenzeit	3	1.55364990234375
1623	oft	3	1.55364990234375
689	allein	3	1.55364990234375
1588	natürlich	3	1.55364990234375
1003	eilig	3	1.55364990234375
1594	neuerdings	3	1.55364990234375
1598	neulich	3	1.55364990234375
1599	nicht	3	1.55364990234375
1000	eigentlich	3	1.55364990234375
1601	nichts	3	1.55364990234375
1603	nie	3	1.55364990234375
1209	gleichfalls	3	1.55364990234375
691	allzu	3	1.55364990234375
991	ehe	3	1.55364990234375
994	eher	3	1.55364990234375
1607	niemand	3	1.55364990234375
1622	offenbar	3	1.55364990234375
985	durchaus	3	1.55364990234375
1619	nämlich	3	1.55364990234375
1606	niemals	3	1.55364990234375
1616	normalerweise	3	1.55364990234375
1618	nun	3	1.55364990234375
1285	heutzutage	3	1.55364990234375
1612	nochmals	3	1.55364990234375
1610	nirgends	3	1.55364990234375
328	Jahr	3	1.55364990234375
1984	versprechen	37	2.1534159183502197
1127	freuen	37	2.1534159183502197
756	aufsehen	37	2.1534159183502197
737	antworten	37	2.1534159183502197
1246	haben	37	2.1534159183502197
767	aussprache	37	2.1534159183502197
1991	vertrauen	37	2.1534159183502197
1985	verstehen	37	2.1534159183502197
1290	hinzusetzen	37	2.1534159183502197
1918	tun	37	2.1534159183502197
1295	hoffen	37	2.1534159183502197
1964	vergessen	37	2.1534159183502197
1957	verblüffen	37	2.1534159183502197
1965	vergnügen	37	2.1534159183502197
1185	genießen	37	2.1534159183502197
2021	vorstellen	37	2.1534159183502197
2022	vorwinden	37	2.1534159183502197
1967	verhalten	37	2.1534159183502197
1175	gegenüber	37	2.1534159183502197
1330	interessieren	37	2.1534159183502197
1331	interessiert	37	2.1534159183502197
1198	gestehen	37	2.1534159183502197
708	amüsieren	37	2.1534159183502197
1151	fürchten	37	2.1534159183502197
1207	glauben	37	2.1534159183502197
2043	weilen	37	2.1534159183502197
735	ansehen	37	2.1534159183502197
2046	weiß	37	2.1534159183502197
1147	fühlen	37	2.1534159183502197
1975	vermissen	37	2.1534159183502197
768	aussprechen	37	2.1534159183502197
1736	sagen	37	2.1534159183502197
1390	kennen	37	2.1534159183502197
1069	erwidern	37	2.1534159183502197
1068	erwartet	37	2.1534159183502197
1067	erwarten	37	2.1534159183502197
1065	ertragen	37	2.1534159183502197
1061	erstaunen	37	2.1534159183502197
1060	erschrecken	37	2.1534159183502197
1551	merken	37	2.1534159183502197
1831	sorgen	37	2.1534159183502197
864	blicken	37	2.1534159183502197
1050	erklären	37	2.1534159183502197
2109	wünschen	37	2.1534159183502197
1047	erheben	37	2.1534159183502197
1575	mögen	37	2.1534159183502197
1579	nachdenken	37	2.1534159183502197
1600	nichte	37	2.1534159183502197
987	dürfen	37	2.1534159183502197
1783	schätzen	37	2.1534159183502197
1771	schreiben	37	2.1534159183502197
958	denken|gedenken	37	2.1534159183502197
2152	äußern	37	2.1534159183502197
1690	reden	37	2.1534159183502197
957	denken	37	2.1534159183502197
1755	schließen	37	2.1534159183502197
1725	ruhen	37	2.1534159183502197
2161	übertreiben	37	2.1534159183502197
1072	erzählen	37	2.1534159183502197
1511	machen	37	2.1534159183502197
1472	lieben	37	2.1534159183502197
835	beschließen	37	2.1534159183502197
2078	wirken	37	2.1534159183502197
1114	fragen	37	2.1534159183502197
821	benehmen	37	2.1534159183502197
1864	stören	37	2.1534159183502197
674	ahnen	37	2.1534159183502197
1464	lesen	37	2.1534159183502197
795	beenden	37	2.1534159183502197
839	besprechen	37	2.1534159183502197
806	behaupten	37	2.1534159183502197
1102	finden	37	2.1534159183502197
1418	kränken	37	2.1534159183502197
1399	klingen	37	2.1534159183502197
2063	widersprechen	37	2.1534159183502197
1509	lügen	37	2.1534159183502197
1463	lernen	37	2.1534159183502197
794	beeindrucken	37	2.1534159183502197
2034	wann	6	2.2316765785217285
1789	seinetwegen	6	2.2316765785217285
982	du	6	2.2316765785217285
355	Katastrophe	6	2.2316765785217285
544	Skandal	6	2.2316765785217285
2069	wieso	6	2.2316765785217285
510	Ruin	6	2.2316765785217285
762	ausgerechnet	6	2.2316765785217285
953	deinetwegen	6	2.2316765785217285
1982	verraten	6	2.2316765785217285
952	dein	6	2.2316765785217285
2	Absicht	6	2.2316765785217285
947	darüber	6	2.2316765785217285
1773	schuld	6	2.2316765785217285
1444	laß	6	2.2316765785217285
2099	wovon	6	2.2316765785217285
1545	meinetwegen	6	2.2316765785217285
2027	wahrheit	6	2.2316765785217285
1510	lügner	6	2.2316765785217285
139	Doppelgänger	6	2.2316765785217285
2088	wofür	6	2.2316765785217285
86	Betrüger	6	2.2316765785217285
2025	wahr	6	2.2316765785217285
2037	warum	6	2.2316765785217285
1940	unrecht	6	2.2316765785217285
2098	worüber	6	2.2316765785217285
1317	ihretwegen	6	2.2316765785217285
1288	hintergangen	6	2.2316765785217285
1091	fehler	6	2.2316765785217285
2100	wozu	6	2.2316765785217285
2060	weshalb	6	2.2316765785217285
78	Bela	40	2.3091371059417725
18	Amalia	40	2.3091371059417725
6	Adelina	40	2.3091371059417725
10	Adrian	40	2.3091371059417725
68	Bea	40	2.3091371059417725
11	Adriana	40	2.3091371059417725
43	Archibald	40	2.3091371059417725
20	Anastasia	40	2.3091371059417725
19	Amanda	40	2.3091371059417725
69	Beatrice	40	2.3091371059417725
22	Andy	40	2.3091371059417725
595	Timmy	40	2.3091371059417725
483	Raphael	40	2.3091371059417725
424	Melissa	40	2.3091371059417725
425	Melly	40	2.3091371059417725
427	Mia	40	2.3091371059417725
202	Flora	40	2.3091371059417725
201	Flemming	40	2.3091371059417725
429	Mira	40	2.3091371059417725
199	Fiona	40	2.3091371059417725
430	Miranda	40	2.3091371059417725
441	Nella	40	2.3091371059417725
465	Paul	40	2.3091371059417725
466	Paulina	40	2.3091371059417725
485	Rebecca	40	2.3091371059417725
181	Ernestine	40	2.3091371059417725
499	Rike	40	2.3091371059417725
501	Robert	40	2.3091371059417725
513	Sabina	40	2.3091371059417725
515	Sammy	40	2.3091371059417725
540	Silvia	40	2.3091371059417725
541	Simon	40	2.3091371059417725
162	Emily	40	2.3091371059417725
161	Elvis	40	2.3091371059417725
160	Elli	40	2.3091371059417725
159	Ella	40	2.3091371059417725
158	Elise	40	2.3091371059417725
565	Stephanie	40	2.3091371059417725
208	Francesca	40	2.3091371059417725
156	Elisa	40	2.3091371059417725
209	Frederick	40	2.3091371059417725
215	Frieda	40	2.3091371059417725
280	Hassan	40	2.3091371059417725
288	Helena	40	2.3091371059417725
249	Gloria	40	2.3091371059417725
248	Gideon	40	2.3091371059417725
334	Jean	40	2.3091371059417725
335	Jeanne	40	2.3091371059417725
336	Jessica	40	2.3091371059417725
337	Jo	40	2.3091371059417725
339	Jonathan	40	2.3091371059417725
342	Judith	40	2.3091371059417725
344	Julia	40	2.3091371059417725
345	Juliana	40	2.3091371059417725
353	Karolin	40	2.3091371059417725
373	Lana	40	2.3091371059417725
382	Lena	40	2.3091371059417725
385	Leonard	40	2.3091371059417725
1587	nathalie	40	2.3091371059417725
390	Lia	40	2.3091371059417725
394	Lili	40	2.3091371059417725
395	Lilly	40	2.3091371059417725
397	Linda	40	2.3091371059417725
402	Louis	40	2.3091371059417725
403	Louisa	40	2.3091371059417725
1559	miriam	40	2.3091371059417725
1558	miri	40	2.3091371059417725
210	Frederik	40	2.3091371059417725
575	Susanna	40	2.3091371059417725
413	Mara	40	2.3091371059417725
593	Theresa	40	2.3091371059417725
578	Sylvia	40	2.3091371059417725
137	Dominic	40	2.3091371059417725
588	Tessa	40	2.3091371059417725
128	Diana	40	2.3091371059417725
148	Egbert	40	2.3091371059417725
144	Edina	40	2.3091371059417725
124	David	40	2.3091371059417725
117	Clara	40	2.3091371059417725
146	Edmund	40	2.3091371059417725
597	Tina	40	2.3091371059417725
114	Charly	40	2.3091371059417725
109	Carolin	40	2.3091371059417725
111	Caspar	40	2.3091371059417725
632	Victoria	40	2.3091371059417725
147	Edward	40	2.3091371059417725
435	Musik	10	3.3530526161193848
2157	übermorgen	10	3.3530526161193848
657	abend	10	3.3530526161193848
134	Dinner	10	3.3530526161193848
1535	maskenball	10	3.3530526161193848
589	Theater	10	3.3530526161193848
1284	heute	10	3.3530526161193848
1564	montag	10	3.3530526161193848
1567	morgen	10	3.3530526161193848
1568	morgens	10	3.3530526161193848
1742	samstag	10	3.3530526161193848
450	Oper	10	3.3530526161193848
1582	nachmittags	10	3.3530526161193848
393	Lied	10	3.3530526161193848
1199	gestern	10	3.3530526161193848
224	Galadinner	10	3.3530526161193848
367	Konzert	10	3.3530526161193848
451	Orchester	10	3.3530526161193848
658	abendessen	10	3.3530526161193848
75	Beifall	10	3.3530526161193848
659	abends	10	3.3530526161193848
479	Publikum	10	3.3530526161193848
1499	ludovica	49	4.036755084991455
1663	philipps	49	4.036755084991455
1662	philipp	49	4.036755084991455
974	diepold	49	4.036755084991455
1383	karin	49	4.036755084991455
1273	henner	49	4.036755084991455
360	Klau	49	4.036755084991455
364	Komtesse	49	4.036755084991455
977	dominik	49	4.036755084991455
229	Gattin	49	4.036755084991455
732	annenruh	49	4.036755084991455
1792	selb	49	4.036755084991455
1900	tochter	49	4.036755084991455
1605	niels	49	4.036755084991455
992	ehefrau	49	4.036755084991455
993	ehemann	49	4.036755084991455
1664	philippsruh	49	4.036755084991455
1923	ulrikes	49	4.036755084991455
1264	heidruns	49	4.036755084991455
1192	gernot	49	4.036755084991455
1216	gotthilf	49	4.036755084991455
1993	veruschka	49	4.036755084991455
1710	rosalies	49	4.036755084991455
1709	rosalie	49	4.036755084991455
154	Elefant	49	4.036755084991455
257	Gräfin	49	4.036755084991455
323	Isabella	49	4.036755084991455
707	amsel	49	4.036755084991455
676	ahrgau	49	4.036755084991455
1763	schloßherrin	49	4.036755084991455
244	Gerhild	49	4.036755084991455
332	Janka	49	4.036755084991455
1374	kamals	49	4.036755084991455
1228	großmama	49	4.036755084991455
1922	ulrika	49	4.036755084991455
2045	weingut	49	4.036755084991455
1373	kamal	49	4.036755084991455
1344	isabels	49	4.036755084991455
1961	verena	49	4.036755084991455
458	Papa	49	4.036755084991455
714	angelikas	49	4.036755084991455
1341	isabelle	49	4.036755084991455
1340	isabella	49	4.036755084991455
582	Tantchen	49	4.036755084991455
727	annaluise	49	4.036755084991455
1471	lieb	49	4.036755084991455
1334	irene	49	4.036755084991455
720	anja	49	4.036755084991455
725	annabelle	49	4.036755084991455
1523	mareike	49	4.036755084991455
813	bellwange	49	4.036755084991455
1516	mamsell	49	4.036755084991455
1339	isabel	49	4.036755084991455
726	annalenas	49	4.036755084991455
1500	ludovicas	49	4.036755084991455
1181	gemahlin	49	4.036755084991455
411	Mama	49	4.036755084991455
1101	finchen	49	4.036755084991455
1342	isabelles	49	4.036755084991455
2009	violetta	49	4.036755084991455
1392	kerstin	49	4.036755084991455
2010	violettas	49	4.036755084991455
1122	freifrau	49	4.036755084991455
598	Tino	49	4.036755084991455
2065	wiebeke	49	4.036755084991455
1403	komtess	49	4.036755084991455
1384	katarin	49	4.036755084991455
1186	georgs	49	4.036755084991455
1016	elenas	49	4.036755084991455
1026	emilie	49	4.036755084991455
1404	komteß	49	4.036755084991455
731	anneliese	49	4.036755084991455
730	annebelle	49	4.036755084991455
1048	erik	49	4.036755084991455
1343	isabells	49	4.036755084991455
1015	elena	49	4.036755084991455
1921	ulrich	49	4.036755084991455
